id_olt,etat_jakarta,date_jakarta
OLT4078,A planifier,2025-01-09 22:00:45
OLT8767,A planifier,2025-01-09 22:00:45
OLT2851,RefusÃ©,2025-01-13 22:00:18
OLT8710,RefusÃ©,2025-01-13 22:00:18
OLT3100,A planifier,2025-01-14 22:00:20
OLT8723,A planifier,2025-01-14 22:00:20
OLT2424,A planifier,2025-02-12 22:00:38
OLT8687,A planifier,2025-02-12 22:00:38
OLT2050,A planifier,2025-03-21 00:00:01
OLT2951,A planifier,2025-03-23 22:00:25
OLT8838,A planifier,2025-03-23 22:00:25
OLT3653,A planifier,2025-06-26 22:00:22
OLT8678,A planifier,2025-06-26 22:00:22
OLT2830,A planifier,2025-08-06 22:00:00
OLT9196,A planifier,2025-08-06 22:00:00
OLT4043,A planifier,2025-08-19 08:00:00
OLT2076,A planifier,2025-08-20 08:00:00
OLT9188,A planifier,2025-08-20 08:00:00
OLT4353,A planifier,2025-08-22 08:00:00
OLT9275,A planifier,2025-08-22 08:00:00
OLT2343,RefusÃ©,2025-08-28 22:00:35
OLT8993,RefusÃ©,2025-08-28 22:00:35
OLT4636,RefusÃ©,2025-09-10 22:00:00
OLT9324,RefusÃ©,2025-09-10 22:00:00
OLT5696,RefusÃ©,2025-09-11 22:00:00
OLT9352,RefusÃ©,2025-09-11 22:00:00
OLT5214,RefusÃ©,2025-09-11 22:00:54
OLT9341,RefusÃ©,2025-09-11 22:00:54
OLT2471,RefusÃ©,2025-09-14 22:00:26
OLT8816,RefusÃ©,2025-09-14 22:00:26
OLT5858,RefusÃ©,2025-09-25 22:00:40
OLT9354,RefusÃ©,2025-09-25 22:00:40
OLT5576,RefusÃ©,2025-10-08 22:00:00
OLT9350,RefusÃ©,2025-10-08 22:00:00
OLT5570,RefusÃ©,2025-10-09 22:00:00
OLT9349,RefusÃ©,2025-10-09 22:00:00
OLT5186,RefusÃ©,2025-10-14 22:00:00
OLT9337,RefusÃ©,2025-10-14 22:00:00
OLT3580,A planifier,2025-10-15 08:30:28
OLT9232,A planifier,2025-10-15 08:30:28
OLT4799,PlanifiÃ©,2025-10-30 22:00:17
OLT8940,PlanifiÃ©,2025-10-30 22:00:17
OLT4353,Attente prÃ©requis,2025-11-03 08:30:56
OLT9275,Attente prÃ©requis,2025-11-03 08:30:56
OLT4031,Attente prÃ©requis,2025-11-04 22:00:16
OLT9142,Attente prÃ©requis,2025-11-04 22:00:16
OLT4110,Attente prÃ©requis,2025-11-04 22:00:37
OLT8916,Attente prÃ©requis,2025-11-04 22:00:37
OLT2471,Attente prÃ©requis,2025-11-05 22:00:42
OLT4340,Attente prÃ©requis,2025-11-05 22:00:42
OLT8816,Attente prÃ©requis,2025-11-05 22:00:42
OLT9273,Attente prÃ©requis,2025-11-05 22:00:42
OLT3112,Attente prÃ©requis,2025-11-05 22:00:49
OLT3247,Attente prÃ©requis,2025-11-05 22:00:49
OLT9091,Attente prÃ©requis,2025-11-05 22:00:49
OLT9104,Attente prÃ©requis,2025-11-05 22:00:49
OLT2956,Attente prÃ©requis,2025-11-06 22:00:02
OLT9203,Attente prÃ©requis,2025-11-06 22:00:02
OLT5202,Attente prÃ©requis,2025-11-06 22:00:11
OLT8954,Attente prÃ©requis,2025-11-06 22:00:11
OLT0144,Attente prÃ©requis,2025-11-06 22:00:50
OLT8783,Attente prÃ©requis,2025-11-06 22:00:50
OLT3148,Attente prÃ©requis,2025-11-12 08:30:06
OLT9368,Attente prÃ©requis,2025-11-12 08:30:06
OLT4300,Attente prÃ©requis,2025-11-12 08:30:12
OLT9373,Attente prÃ©requis,2025-11-12 08:30:12
OLT2587,Attente prÃ©requis,2025-11-12 08:30:26
OLT9521,Attente prÃ©requis,2025-11-12 08:30:26
OLT2942,Attente prÃ©requis,2025-11-12 08:30:54
OLT5194,Attente prÃ©requis,2025-11-12 08:30:54
OLT9202,Attente prÃ©requis,2025-11-12 08:30:54
OLT9392,Attente prÃ©requis,2025-11-12 08:30:54
OLT4337,Attente prÃ©requis,2025-11-12 22:00:38
OLT9271,Attente prÃ©requis,2025-11-12 22:00:38
OLT2410,Attente prÃ©requis,2025-11-12 22:00:42
OLT8999,Attente prÃ©requis,2025-11-12 22:00:42
OLT4641,Attente prÃ©requis,2025-11-12 22:00:48
OLT9325,Attente prÃ©requis,2025-11-12 22:00:48
OLT2239,Attente prÃ©requis,2025-11-12 22:00:50
OLT8809,Attente prÃ©requis,2025-11-12 22:00:50
OLT6044,Attente prÃ©requis,2025-11-13 08:30:41
OLT9400,Attente prÃ©requis,2025-11-13 08:30:41
OLT3715,Attente prÃ©requis,2025-11-13 22:00:11
OLT9130,Attente prÃ©requis,2025-11-13 22:00:11
OLT2409,Attente prÃ©requis,2025-11-13 22:00:14
OLT8998,Attente prÃ©requis,2025-11-13 22:00:14
OLT2593,Attente prÃ©requis,2025-11-13 22:00:43
OLT9402,Attente prÃ©requis,2025-11-13 22:00:43
OLT5214,Attente prÃ©requis,2025-11-13 22:00:54
OLT9341,Attente prÃ©requis,2025-11-13 22:00:54
OLT4755,Attente prÃ©requis,2025-11-13 22:00:57
OLT9170,Attente prÃ©requis,2025-11-13 22:00:57
OLT5193,Attente prÃ©requis,2025-11-14 08:30:16
OLT9391,Attente prÃ©requis,2025-11-14 08:30:16
OLT5266,Attente prÃ©requis,2025-11-17 08:30:00
OLT9397,Attente prÃ©requis,2025-11-17 08:30:00
OLT5570,Attente prÃ©requis,2025-11-17 08:30:02
OLT9349,Attente prÃ©requis,2025-11-17 08:30:02
OLT3597,RefusÃ©,2025-11-17 08:30:25
OLT9371,RefusÃ©,2025-11-17 08:30:25
OLT2574,Attente prÃ©requis,2025-11-17 09:00:22
OLT9410,Attente prÃ©requis,2025-11-17 09:00:22
OLT3739,Attente prÃ©requis,2025-11-18 08:30:00
OLT4640,Attente prÃ©requis,2025-11-18 08:30:00
OLT4919,Attente prÃ©requis,2025-11-18 08:30:00
OLT9382,Attente prÃ©requis,2025-11-18 08:30:00
OLT9541,Attente prÃ©requis,2025-11-18 08:30:00
OLT9569,Attente prÃ©requis,2025-11-18 08:30:00
OLT5576,Attente prÃ©requis,2025-11-18 08:30:05
OLT9350,Attente prÃ©requis,2025-11-18 08:30:05
OLT6107,Attente prÃ©requis,2025-11-18 09:00:06
OLT9464,Attente prÃ©requis,2025-11-18 09:00:06
OLT2598,Attente prÃ©requis,2025-11-18 09:00:54
OLT9413,Attente prÃ©requis,2025-11-18 09:00:54
OLT3923,Attente prÃ©requis,2025-11-19 08:30:00
OLT4614,Attente prÃ©requis,2025-11-19 08:30:00
OLT4652,Attente prÃ©requis,2025-11-19 08:30:00
OLT5691,Attente prÃ©requis,2025-11-19 08:30:00
OLT9380,Attente prÃ©requis,2025-11-19 08:30:00
OLT9383,Attente prÃ©requis,2025-11-19 08:30:00
OLT9556,Attente prÃ©requis,2025-11-19 08:30:00
OLT9570,Attente prÃ©requis,2025-11-19 08:30:00
OLT5695,Attente prÃ©requis,2025-11-19 09:00:47
OLT9557,Attente prÃ©requis,2025-11-19 09:00:47
OLT2507,Attente prÃ©requis,2025-11-19 22:00:46
OLT8817,Attente prÃ©requis,2025-11-19 22:00:46
OLT3924,Attente prÃ©requis,2025-11-20 08:30:00
OLT9571,Attente prÃ©requis,2025-11-20 08:30:00
OLT3488,Attente prÃ©requis,2025-11-20 22:00:05
OLT8888,Attente prÃ©requis,2025-11-20 22:00:05
OLT2077,Attente prÃ©requis,2025-11-20 22:00:11
OLT8974,Attente prÃ©requis,2025-11-20 22:00:11
OLT3716,Attente prÃ©requis,2025-11-20 22:00:41
OLT9131,Attente prÃ©requis,2025-11-20 22:00:41
OLT4482,Attente prÃ©requis,2025-11-20 22:00:55
OLT6302,Attente prÃ©requis,2025-11-20 22:00:55
OLT9313,Attente prÃ©requis,2025-11-20 22:00:55
OLT2079,Attente prÃ©requis,2025-11-20 22:00:57
OLT8976,Attente prÃ©requis,2025-11-20 22:00:57
OLT2592,Attente prÃ©requis,2025-11-24 08:00:00
OLT4740,Attente prÃ©requis,2025-11-24 08:00:00
OLT9523,Attente prÃ©requis,2025-11-24 08:00:00
OLT9594,Attente prÃ©requis,2025-11-24 08:00:00
OLT5572,Attente prÃ©requis,2025-11-24 08:30:00
OLT9554,Attente prÃ©requis,2025-11-24 08:30:00
OLT2591,Attente prÃ©requis,2025-11-25 08:00:00
OLT4113,Attente prÃ©requis,2025-11-25 08:00:00
OLT5057,Attente prÃ©requis,2025-11-25 08:00:00
OLT9522,Attente prÃ©requis,2025-11-25 08:00:00
OLT9546,Attente prÃ©requis,2025-11-25 08:00:00
OLT9593,Attente prÃ©requis,2025-11-25 08:00:00
OLT5400,RefusÃ©,2025-11-25 08:30:00
OLT6110,Attente prÃ©requis,2025-11-25 08:30:00
OLT9461,RefusÃ©,2025-11-25 08:30:00
OLT9614,Attente prÃ©requis,2025-11-25 08:30:00
OLT4347,Attente prÃ©requis,2025-11-25 08:30:17
OLT9375,Attente prÃ©requis,2025-11-25 08:30:17
OLT2586,Attente prÃ©requis,2025-11-26 08:00:00
OLT3730,Attente prÃ©requis,2025-11-26 08:00:00
OLT3987,Attente prÃ©requis,2025-11-26 08:00:00
OLT5015,Attente prÃ©requis,2025-11-26 08:00:00
OLT9445,Attente prÃ©requis,2025-11-26 08:00:00
OLT9520,Attente prÃ©requis,2025-11-26 08:00:00
OLT9544,Attente prÃ©requis,2025-11-26 08:00:00
OLT9592,Attente prÃ©requis,2025-11-26 08:00:00
OLT3186,Attente prÃ©requis,2025-11-26 08:30:00
OLT3477,Attente prÃ©requis,2025-11-26 08:30:00
OLT5407,Attente prÃ©requis,2025-11-26 08:30:00
OLT9369,Attente prÃ©requis,2025-11-26 08:30:00
OLT9526,Attente prÃ©requis,2025-11-26 08:30:00
OLT9549,Attente prÃ©requis,2025-11-26 08:30:00
OLT5151,Attente prÃ©requis,2025-11-26 08:30:18
OLT9384,Attente prÃ©requis,2025-11-26 08:30:18
OLT2213,Attente prÃ©requis,2025-11-26 22:00:20
OLT9366,Attente prÃ©requis,2025-11-26 22:00:20
OLT4128,Attente prÃ©requis,2025-11-27 08:00:00
OLT5047,Attente prÃ©requis,2025-11-27 08:00:00
OLT9506,Attente prÃ©requis,2025-11-27 08:00:00
OLT9545,Attente prÃ©requis,2025-11-27 08:00:00
OLT4189,Attente prÃ©requis,2025-11-27 08:30:00
OLT5152,Attente prÃ©requis,2025-11-27 08:30:00
OLT9385,Attente prÃ©requis,2025-11-27 08:30:00
OLT9605,Attente prÃ©requis,2025-11-27 08:30:00
OLT5195,Attente prÃ©requis,2025-11-27 08:30:55
OLT9393,Attente prÃ©requis,2025-11-27 08:30:55
OLT5216,A planifier,2025-11-27 08:30:57
OLT9395,A planifier,2025-11-27 08:30:57
OLT2588,Attente prÃ©requis,2025-11-27 09:00:47
OLT9401,Attente prÃ©requis,2025-11-27 09:00:47
OLT3844,Attente prÃ©requis,2025-11-27 22:00:00
OLT9372,Attente prÃ©requis,2025-11-27 22:00:00
OLT2090,Attente prÃ©requis,2025-11-27 22:00:01
OLT8804,Attente prÃ©requis,2025-11-27 22:00:01
OLT2837,Attente prÃ©requis,2025-11-27 22:00:11
OLT9367,Attente prÃ©requis,2025-11-27 22:00:11
OLT3627,Attente prÃ©requis,2025-11-27 22:00:20
OLT8753,Attente prÃ©requis,2025-11-27 22:00:20
OLT5030,Attente prÃ©requis,2025-11-28 08:00:00
OLT9459,Attente prÃ©requis,2025-11-28 08:00:00
OLT5824,Attente prÃ©requis,2025-11-28 08:30:00
OLT9581,Attente prÃ©requis,2025-11-28 08:30:00
OLT5216,Attente prÃ©requis,2025-11-28 08:30:08
OLT9395,Attente prÃ©requis,2025-11-28 08:30:08
OLT4539,Soumis,2025-12-01 08:00:00
OLT5030,Soumis,2025-12-01 08:00:00
OLT9449,Soumis,2025-12-01 08:00:00
OLT9459,Soumis,2025-12-01 08:00:00
OLT4382,RefusÃ©,2025-12-01 08:30:00
OLT9376,RefusÃ©,2025-12-01 08:30:00
OLT4303,RefusÃ©,2025-12-01 08:30:52
OLT9374,RefusÃ©,2025-12-01 08:30:52
OLT3187,Attente prÃ©requis,2025-12-01 22:00:00
OLT9096,Attente prÃ©requis,2025-12-01 22:00:00
OLT4611,Soumis,2025-12-01 22:00:46
OLT9378,Soumis,2025-12-01 22:00:46
OLT3616,Soumis,2025-12-02 08:00:00
OLT3965,Soumis,2025-12-02 08:00:00
OLT4870,Soumis,2025-12-02 08:00:00
OLT9424,Soumis,2025-12-02 08:00:00
OLT9446,Soumis,2025-12-02 08:00:00
OLT9527,Soumis,2025-12-02 08:00:00
OLT3622,Soumis,2025-12-02 08:30:00
OLT4384,RefusÃ©,2025-12-02 08:30:00
OLT9377,RefusÃ©,2025-12-02 08:30:00
OLT9568,Soumis,2025-12-02 08:30:00
OLT3120,Attente prÃ©requis,2025-12-02 22:00:26
OLT9092,Attente prÃ©requis,2025-12-02 22:00:26
OLT2117,Attente prÃ©requis,2025-12-02 22:00:54
OLT8978,Attente prÃ©requis,2025-12-02 22:00:54
OLT3731,Soumis,2025-12-03 08:00:00
OLT4544,Soumis,2025-12-03 08:00:00
OLT4871,Soumis,2025-12-03 08:00:00
OLT9450,Soumis,2025-12-03 08:00:00
OLT9528,Soumis,2025-12-03 08:00:00
OLT9607,Soumis,2025-12-03 08:00:00
OLT4204,Soumis,2025-12-03 08:30:00
OLT5557,Soumis,2025-12-03 08:30:00
OLT9574,Soumis,2025-12-03 08:30:00
OLT9606,Soumis,2025-12-03 08:30:00
OLT4612,Soumis,2025-12-03 22:00:00
OLT9379,Soumis,2025-12-03 22:00:00
OLT4550,Soumis,2025-12-04 08:00:00
OLT5440,Soumis,2025-12-04 08:00:00
OLT9477,Soumis,2025-12-04 08:00:00
OLT9608,Soumis,2025-12-04 08:00:00
OLT5795,Soumis,2025-12-04 08:30:00
OLT5991,Soumis,2025-12-04 08:30:00
OLT9580,Soumis,2025-12-04 08:30:00
OLT9610,Soumis,2025-12-04 08:30:00
OLT3399,Soumis,2025-12-04 22:00:00
OLT4284,Soumis,2025-12-04 22:00:00
OLT4636,Soumis,2025-12-04 22:00:00
OLT9324,Soumis,2025-12-04 22:00:00
OLT9370,Soumis,2025-12-04 22:00:00
OLT9573,Soumis,2025-12-04 22:00:00
OLT3423,Soumis,2025-12-04 22:00:28
OLT9217,Soumis,2025-12-04 22:00:28
OLT5312,Soumis,2025-12-05 08:30:00
OLT9578,Soumis,2025-12-05 08:30:00
OLT4362,Soumis,2025-12-05 08:30:42
OLT9279,Soumis,2025-12-05 08:30:42
OLT5265,Soumis,2025-12-08 08:30:00
OLT5987,Soumis,2025-12-08 08:30:00
OLT6214,Soumis,2025-12-08 08:30:00
OLT9396,Soumis,2025-12-08 08:30:00
OLT9561,Soumis,2025-12-08 08:30:00
OLT9611,Soumis,2025-12-08 08:30:00
OLT5413,Soumis,2025-12-08 09:00:48
OLT9550,Soumis,2025-12-08 09:00:48
GAP05-W81-RTC,Soumis,2025-12-08 22:00:21
OLT3833,Soumis,2025-12-08 22:00:21
OLT9138,Soumis,2025-12-08 22:00:21
OSN00542,Soumis,2025-12-08 22:00:21
OLT5561,Soumis,2025-12-09 08:30:00
OLT5980,Soumis,2025-12-09 08:30:00
OLT9495,Soumis,2025-12-09 08:30:00
OLT9553,Soumis,2025-12-09 08:30:00
OLT3278,Soumis,2025-12-09 09:00:45
OLT9524,Soumis,2025-12-09 09:00:45
OLT3502,Soumis,2025-12-09 22:00:15
OLT9116,Soumis,2025-12-09 22:00:15
OLT2575,Soumis,2025-12-10 22:00:00
OLT9411,Soumis,2025-12-10 22:00:00
OLT4632,Soumis,2025-12-10 22:00:21
OLT9381,Soumis,2025-12-10 22:00:21
OLT2579,Soumis,2025-12-10 22:00:48
OLT9519,Soumis,2025-12-10 22:00:48
OLT5750,Soumis,2025-12-11 08:30:00
OLT5868,Soumis,2025-12-11 08:30:00
OLT9493,Soumis,2025-12-11 08:30:00
OLT9558,Soumis,2025-12-11 08:30:00
OLT4176,Soumis,2025-12-11 22:00:00
OLT9421,Soumis,2025-12-11 22:00:00
OLT4602,Soumis,2025-12-11 22:00:05
OLT9166,Soumis,2025-12-11 22:00:05
OLT5316,Soumis,2025-12-12 08:30:00
OLT5503,Soumis,2025-12-12 08:30:00
OLT9579,Soumis,2025-12-12 08:30:00
OLT9609,Soumis,2025-12-12 08:30:00
OLT5182,Soumis,2025-12-15 22:00:09
OLT9387,Soumis,2025-12-15 22:00:09
OLT3597,Soumis,2025-12-15 22:00:32
OLT9371,Soumis,2025-12-15 22:00:32
OLT4303,Soumis,2025-12-16 22:00:00
OLT9374,Soumis,2025-12-16 22:00:00
OLT5184,Soumis,2025-12-16 22:00:28
OLT9388,Soumis,2025-12-16 22:00:28
OLT5190,Soumis,2025-12-17 22:00:12
OLT9389,Soumis,2025-12-17 22:00:12
OLT5165,Soumis,2025-12-17 22:00:29
OLT9386,Soumis,2025-12-17 22:00:29
OLT5213,Soumis,2025-12-17 22:00:59
OLT9394,Soumis,2025-12-17 22:00:59
OLT5191,Soumis,2026-01-12 22:00:29
OLT9390,Soumis,2026-01-12 22:00:29
